Comment,Description,Designator,Footprint,LibRef,Pins,Quantity,PartNumber,url
Blue LED,desc,"Ble_LED1,",JLC_0805_LED,libref,2,1,,
RED LED,desc,"Caps_LED1,BATT_LED1,",JLC_0805_LED,libref,2,2,,
GREEN LED,desc,"USB_LED1,",JLC_0805_LED,libref,2,1,,
Blue LED,desc,"Ble_LED2,",JLC_0805_LED,libref,2,1,,
10uF,desc,"C2,",JLC_0805C,libref,2,1,,
10nF,desc,"C3,",JLC_0805C,libref,2,1,,
1uF,desc,"C5,C4,C1,",JLC_0805C,libref,2,3,,
0.1uF,desc,"C7,C6,",JLC_0805C,libref,2,2,,
NC/47pF,desc,"C8,",JLC_0805C,libref,2,1,,
RED LED,desc,"Caps_LED2,BATT_LED2,",JLC_0805_LED,libref,2,2,,
1N4148W,desc,"D1,D2,D3,D4,D5,D6,D7,D8,D9,D10,D11,D12,D13,D14,D15,D16,D17,D18,D19,D20,D21,D22,D23,D24,D25,D26,D27,D28,D29,D30,D31,D32,D33,D34,D35,D36,D37,D38,D39,D40,D41,D42,D43,D44,",JLC_SOD-123,libref,2,44,,https://atta.szlcsc.com/upload/public/pdf/source/20161024/1477288446905.pdf
B5819W SL,desc,"DS2,DS1,",JLC_SOD-123,libref,2,2,,http://www.vishay.com/docs/88525/1n5817.pdf
1R,desc,"R1,",JLC_0805R,libref,2,1,,
4.7K,desc,"R2,",JLC_0805R,libref,2,1,,
10M,desc,"R3,",JLC_0805R,libref,2,1,,
2.2M,desc,"R4,",JLC_0805R,libref,2,1,,
10K,desc,"R5,",JLC_0805R,libref,2,1,,
330R,desc,"RL2,RL1,RL3,RL4,",JLC_0805R,libref,2,4,,
TP4057,desc,"U1,",JLC_SOT-23-6,libref,6,1,,https://atta.szlcsc.com/upload/public/pdf/source/20140228/1457706997013.pdf
XC6206P332MR,desc,"U2,",JLC_SOT-23-3L,libref,3,1,,https://atta.szlcsc.com/upload/public/pdf/source/20130801/1457706628791.pdf
GREEN LED,desc,"USB_LED2,",JLC_0805_LED,libref,2,1,,
